female,Regina, (200) 311-2921 x5377, Lucile79@gmail.com, Thu Jul 16 1964 11:52:26 GMT+0000 (Coordinated Universal Time)
male,Dwayne, (284) 321-3694 x6540, Serenity18@yahoo.com, Sat Jun 21 1986 21:28:07 GMT+0000 (Coordinated Universal Time)
male,Tim, 1-659-889-5679 x82999, Cathryn.Kunze4@hotmail.com, Mon Aug 07 1972 11:41:18 GMT+0000 (Coordinated Universal Time)
female,Debbie, 280.733.7188 x937, Spencer_Fay@yahoo.com, Thu Nov 21 1957 16:04:13 GMT+0000 (Coordinated Universal Time)
male,Todd, (243) 840-3985 x481, Desmond.Nitzsche86@hotmail.com, Tue Feb 20 1962 07:28:52 GMT+0000 (Coordinated Universal Time)
female,Ashley, 670-217-8411 x438, Isabel_Miller50@yahoo.com, Sat May 30 1981 22:08:50 GMT+0000 (Coordinated Universal Time)
male,Moses, 497-253-0910 x568, Clotilde.Marks@yahoo.com, Wed Nov 02 1960 15:59:51 GMT+0000 (Coordinated Universal Time)
male,Danny, 1-447-791-6515, Jenifer39@gmail.com, Tue May 23 1944 21:50:31 GMT+0000 (Coordinated Universal Time)
female,Juana, 1-378-828-6644 x980, Celestino_Bogisich@hotmail.com, Thu Apr 10 1975 03:28:26 GMT+0000 (Coordinated Universal Time)
female,Harriet, (632) 716-7803 x18257, Emmanuelle_Koelpin@yahoo.com, Wed May 08 2002 06:58:22 GMT+0000 (Coordinated Universal Time)
male,Peter, 342-972-9387 x3863, Tod.Cummerata@yahoo.com, Wed Jul 22 1987 04:15:59 GMT+0000 (Coordinated Universal Time)
female,Hope, 591-323-7747 x96099, Elinor66@hotmail.com, Wed Feb 19 1986 03:20:05 GMT+0000 (Coordinated Universal Time)
male,Sean, 692.610.3850 x879, Althea.Lockman@hotmail.com, Mon Sep 09 2002 07:22:58 GMT+0000 (Coordinated Universal Time)
female,Lydia, (232) 473-8535 x96546, Raheem_Beahan5@yahoo.com, Fri Jul 12 1985 06:05:13 GMT+0000 (Coordinated Universal Time)
male,Erick, 720.210.1184 x9980, Israel.Bednar83@hotmail.com, Sun May 06 2001 02:15:34 GMT+0000 (Coordinated Universal Time)
female,Alberta, 1-239-441-5113 x5533, Clint_Moore@yahoo.com, Sun Oct 09 2005 14:56:26 GMT+0000 (Coordinated Universal Time)
male,Gerard, 744.853.2055 x001, Mark.Franecki@yahoo.com, Sat Aug 23 1958 01:38:03 GMT+0000 (Coordinated Universal Time)
male,Archie, (990) 744-6730 x33987, Raoul.Mayert66@yahoo.com, Sun Apr 22 1956 07:29:21 GMT+0000 (Coordinated Universal Time)
female,Lila, 443.804.7947 x344, Giovanna4@yahoo.com, Sat Feb 19 1994 07:41:17 GMT+0000 (Coordinated Universal Time)
male,Bob, (624) 532-1067, Turner.Schneider67@gmail.com, Sun Mar 12 1944 20:18:32 GMT+0000 (Coordinated Universal Time)
male,Cecil, 414-373-9523, Kaylin.Grant@hotmail.com, Thu Sep 06 1945 05:10:56 GMT+0000 (Coordinated Universal Time)
male,Emilio, 987-543-0451 x8629, Delores67@gmail.com, Mon Jun 15 1992 11:26:04 GMT+0000 (Coordinated Universal Time)
female,Yvette, 1-494-465-7783 x61553, Maybelle_Ernser-Doyle58@hotmail.com, Mon Jan 04 1971 18:07:33 GMT+0000 (Coordinated Universal Time)
female,Melanie, (326) 553-3425, Osbaldo79@hotmail.com, Mon Feb 15 1993 01:54:45 GMT+0000 (Coordinated Universal Time)
female,Rachael, 1-691-483-0299 x298, Estefania53@hotmail.com, Tue Jan 18 1977 01:49:09 GMT+0000 (Coordinated Universal Time)
female,Joy, 920-599-3992, Alejandrin.Cole@hotmail.com, Sat May 30 1959 22:37:47 GMT+0000 (Coordinated Universal Time)
female,Tina, 1-879-523-9114 x862, Stanley_Skiles@yahoo.com, Wed Mar 05 1952 16:04:41 GMT+0000 (Coordinated Universal Time)
male,Stanley, (254) 251-8186, Rachael_Langworth77@gmail.com, Sat Oct 12 1985 20:17:33 GMT+0000 (Coordinated Universal Time)
male,Peter, 1-200-575-6665, Sophie.Wyman@gmail.com, Mon Nov 09 1970 22:16:25 GMT+0000 (Coordinated Universal Time)
male,Arnold, 954-843-6903 x2667, Rosemarie_Tillman@gmail.com, Mon Nov 23 1970 23:21:34 GMT+0000 (Coordinated Universal Time)
female,Miranda, 294-217-0131 x613, Iva58@yahoo.com, Mon Nov 26 1979 20:56:28 GMT+0000 (Coordinated Universal Time)
male,Wendell, 1-624-234-8173 x1976, Blaise.Altenwerth@hotmail.com, Wed Aug 11 2004 09:25:52 GMT+0000 (Coordinated Universal Time)
female,Yvette, 737-832-8147 x1583, Destin.Douglas@gmail.com, Sun Mar 07 2004 05:38:57 GMT+0000 (Coordinated Universal Time)
male,Harvey, 1-938-413-3951 x002, Pearline3@hotmail.com, Fri May 08 1964 00:33:04 GMT+0000 (Coordinated Universal Time)
female,Maryann, (450) 369-9168 x16502, Kirsten.Grady35@gmail.com, Sun Dec 25 1994 10:37:24 GMT+0000 (Coordinated Universal Time)
female,Margaret, 1-321-856-4186 x921, Thaddeus.Crist@hotmail.com, Sat Dec 01 1962 05:32:35 GMT+0000 (Coordinated Universal Time)
male,Ignacio, (796) 569-7037 x5294, Amos.Lakin82@gmail.com, Sun Jun 24 1951 11:20:24 GMT+0000 (Coordinated Universal Time)
male,Jesus, 670-616-5653 x8629, Johnathon.Ledner24@yahoo.com, Tue Oct 09 1962 12:21:55 GMT+0000 (Coordinated Universal Time)
male,Hubert, 418-401-6589 x40735, Myrtice_Krajcik@gmail.com, Mon Mar 17 1986 14:53:24 GMT+0000 (Coordinated Universal Time)
male,Cory, (489) 279-7925, Deshaun.Collins@gmail.com, Sun Jul 22 1973 07:46:17 GMT+0000 (Coordinated Universal Time)
male,Saul, (451) 497-5296 x80222, Jorge.Reynolds-Fisher56@yahoo.com, Fri Nov 04 1966 18:29:56 GMT+0000 (Coordinated Universal Time)
male,Billy, 219-217-0936 x459, Donald.Lind@hotmail.com, Sat Jul 27 2002 19:44:39 GMT+0000 (Coordinated Universal Time)
male,Gregory, 433.909.5907 x9005, Rosetta_Schroeder87@gmail.com, Tue Mar 31 1998 17:25:14 GMT+0000 (Coordinated Universal Time)
female,Kristi, (844) 248-1374, Yvonne31@gmail.com, Mon Apr 30 2001 20:43:55 GMT+0000 (Coordinated Universal Time)
male,Ignacio, 600-503-0729 x589, Warren23@hotmail.com, Mon Feb 02 1976 03:16:47 GMT+0000 (Coordinated Universal Time)
male,Alan, (619) 621-5499 x829, Hollis.Johns22@hotmail.com, Sun Jan 24 1988 00:13:54 GMT+0000 (Coordinated Universal Time)
female,Sherri, (755) 775-8420 x373, Frieda.Rau@yahoo.com, Wed Jul 04 1979 11:11:03 GMT+0000 (Coordinated Universal Time)
female,Renee, 395.411.8156 x90533, Duncan_Mueller39@yahoo.com, Mon May 25 1959 03:51:02 GMT+0000 (Coordinated Universal Time)
female,Irene, 844-624-3436 x618, Katelyn_Dibbert17@hotmail.com, Wed Feb 03 1988 02:57:48 GMT+0000 (Coordinated Universal Time)
male,Martin, (439) 560-9590 x5621, Amiya.Beatty62@gmail.com, Mon Nov 24 1997 03:14:52 GMT+0000 (Coordinated Universal Time)
female,Holly, 243.626.6005 x03905, Cecilia.Stanton-Spencer@hotmail.com, Thu Nov 09 1989 07:20:02 GMT+0000 (Coordinated Universal Time)
female,Emma, (294) 566-0118, Annamarie34@hotmail.com, Wed Jun 29 1994 05:02:46 GMT+0000 (Coordinated Universal Time)
female,Tami, 980-566-6090 x471, Emily_Willms-Keeling89@hotmail.com, Mon May 19 1986 20:27:32 GMT+0000 (Coordinated Universal Time)
female,Bertha, 643.621.5076 x729, Alda.Dickens48@hotmail.com, Thu Nov 18 1971 23:37:05 GMT+0000 (Coordinated Universal Time)
female,Katie, 605-964-6451 x4292, Titus_Luettgen@gmail.com, Sat Oct 06 1990 14:11:10 GMT+0000 (Coordinated Universal Time)
male,Jorge, 698.646.3439 x5785, Hollie.Shanahan@hotmail.com, Wed Jun 01 2005 09:35:19 GMT+0000 (Coordinated Universal Time)
male,Cesar, 1-773-939-4095 x009, Ebba.Streich40@yahoo.com, Thu Jul 28 1955 16:38:04 GMT+0000 (Coordinated Universal Time)
female,Leigh, 1-721-632-8118, Hazle31@hotmail.com, Tue Oct 08 1985 21:13:48 GMT+0000 (Coordinated Universal Time)
female,Catherine, (400) 344-1353 x81701, Wilfrid_Reichert49@yahoo.com, Thu Feb 25 1982 03:01:01 GMT+0000 (Coordinated Universal Time)
female,Natasha, 467-546-2020 x489, Adolphus.Roberts-Bartoletti90@gmail.com, Wed Feb 25 1959 18:41:40 GMT+0000 (Coordinated Universal Time)
female,Rosemary, 587-541-4146 x61458, Jacques.Batz@gmail.com, Thu May 28 1987 06:41:28 GMT+0000 (Coordinated Universal Time)
female,Rhonda, 873-781-7281 x398, Linwood71@hotmail.com, Fri Jan 27 1984 14:42:35 GMT+0000 (Coordinated Universal Time)
female,Meredith, 338.994.6682, Nasir17@hotmail.com, Sat Jan 15 2005 05:26:56 GMT+0000 (Coordinated Universal Time)
female,Elaine, 690-525-6718 x5110, Angelo_Berge@yahoo.com, Thu May 17 1956 09:13:50 GMT+0000 (Coordinated Universal Time)
female,Marta, 470.713.6913 x971, Ofelia82@yahoo.com, Sun Mar 09 1947 15:52:09 GMT+0000 (Coordinated Universal Time)
female,Carole, 234-312-9414 x7066, Jeff24@hotmail.com, Sat Dec 23 1972 12:39:03 GMT+0000 (Coordinated Universal Time)
female,Lynne, 210-602-9480 x459, Zachary1@yahoo.com, Fri Mar 19 1982 23:35:54 GMT+0000 (Coordinated Universal Time)
male,Evan, (338) 470-1911 x93327, Efren56@yahoo.com, Thu Sep 30 1993 14:31:57 GMT+0000 (Coordinated Universal Time)
female,Dorothy, 377-216-3169 x138, Abigale.Ebert16@hotmail.com, Sat Dec 21 1991 16:10:57 GMT+0000 (Coordinated Universal Time)
male,Luis, 1-766-840-5587 x04444, Liza7@hotmail.com, Wed Apr 13 1949 01:21:40 GMT+0000 (Coordinated Universal Time)
male,Leon, 1-310-409-6702, Hobart_Hartmann@hotmail.com, Thu Feb 07 1957 20:40:21 GMT+0000 (Coordinated Universal Time)
male,Wilson, 983.228.9568 x18808, Christian.Barton@yahoo.com, Fri Apr 18 1997 00:03:08 GMT+0000 (Coordinated Universal Time)
male,Merle, 864.444.7663 x978, Hilda42@hotmail.com, Wed Jul 12 1950 09:29:55 GMT+0000 (Coordinated Universal Time)
female,Latoya, (396) 814-9328 x59776, Stanton.Gorczany93@hotmail.com, Sun Mar 19 1989 14:37:47 GMT+0000 (Coordinated Universal Time)
male,Jerry, 1-335-202-0942, Maritza_Prosacco59@hotmail.com, Tue Oct 15 1963 05:27:39 GMT+0000 (Coordinated Universal Time)
female,Christine, (977) 603-4088 x88188, Coby14@yahoo.com, Fri Jul 02 1976 22:57:17 GMT+0000 (Coordinated Universal Time)
male,Floyd, 1-421-900-1712, Myrtie_Wiza@gmail.com, Thu Jul 17 1969 10:44:28 GMT+0000 (Coordinated Universal Time)
female,Karla, (607) 617-1635, Kristoffer.Kassulke74@yahoo.com, Sat Mar 20 1982 02:32:06 GMT+0000 (Coordinated Universal Time)
female,Rose, 904.987.4927, Katharina_Moore19@yahoo.com, Sat Oct 30 1948 22:03:36 GMT+0000 (Coordinated Universal Time)
female,Paulette, (411) 351-1998 x133, Sage99@hotmail.com, Tue Aug 18 1970 01:48:13 GMT+0000 (Coordinated Universal Time)
female,Alma, 433.488.2833 x89660, Branson.Stanton@gmail.com, Fri Sep 10 1976 11:00:17 GMT+0000 (Coordinated Universal Time)
female,Belinda, (355) 244-2389 x23203, Keven14@yahoo.com, Mon Sep 01 1997 22:16:00 GMT+0000 (Coordinated Universal Time)
female,Mildred, 1-996-971-5759 x7167, Wendy.Paucek6@yahoo.com, Sun Dec 04 1983 23:15:51 GMT+0000 (Coordinated Universal Time)
male,Frederick, 1-493-599-5332 x76169, Allison20@gmail.com, Mon Oct 13 1986 19:58:15 GMT+0000 (Coordinated Universal Time)
male,Christian, 1-476-677-4928, Orie52@yahoo.com, Mon Mar 23 1970 05:52:44 GMT+0000 (Coordinated Universal Time)
female,Jessie, (795) 264-2071, Eduardo.Quitzon86@hotmail.com, Tue Nov 19 1957 08:03:30 GMT+0000 (Coordinated Universal Time)
female,Lindsay, 915.209.4244 x2212, Major.Hermann48@hotmail.com, Tue Jun 24 1947 07:58:08 GMT+0000 (Coordinated Universal Time)
female,Hope, 1-245-590-2872 x38794, Jerrod_Blanda60@gmail.com, Sat Mar 14 1992 14:22:00 GMT+0000 (Coordinated Universal Time)
female,Shawna, 232-334-6537 x2666, Pat.Yost39@gmail.com, Thu Aug 31 2000 22:29:25 GMT+0000 (Coordinated Universal Time)
female,Miranda, 806-315-8564, Monserrate.Spinka@hotmail.com, Thu Aug 17 2000 14:15:59 GMT+0000 (Coordinated Universal Time)
female,Ramona, 957-677-5685 x3407, Hosea.Conroy85@gmail.com, Tue Nov 12 1968 23:57:25 GMT+0000 (Coordinated Universal Time)
female,Darlene, 1-838-612-0876, Meagan_Beahan@gmail.com, Tue Aug 24 1965 20:14:26 GMT+0000 (Coordinated Universal Time)
female,Debra, 934.322.7002, Lauriane46@hotmail.com, Sat Feb 09 1980 16:32:39 GMT+0000 (Coordinated Universal Time)
male,Angelo, 544.880.1297, Dean41@gmail.com, Thu Apr 08 1982 19:52:19 GMT+0000 (Coordinated Universal Time)
female,Ruby, (998) 517-9235, Cortez.Gulgowski0@yahoo.com, Wed May 07 1947 14:41:04 GMT+0000 (Coordinated Universal Time)
female,Mona, 250.359.4836 x04272, Adalberto_Ledner@yahoo.com, Sat Jul 02 1983 12:04:48 GMT+0000 (Coordinated Universal Time)
female,Robyn, 356.457.5418 x53359, Marjory_Barton@yahoo.com, Tue Jul 10 1956 03:56:07 GMT+0000 (Coordinated Universal Time)
male,Bennie, 862.301.7199 x8595, Jerel69@yahoo.com, Wed Nov 07 1956 19:14:24 GMT+0000 (Coordinated Universal Time)
female,Yvette, 515.627.4561 x10135, Tiana.Daniel-Jenkins52@gmail.com, Mon Jan 30 1978 10:54:56 GMT+0000 (Coordinated Universal Time)
male,Mathew, 618-210-8268 x80914, Margot96@hotmail.com, Tue Feb 08 1955 17:51:03 GMT+0000 (Coordinated Universal Time)
